[

{
    "index": 0,
    "autor": "Razan",
    "mtiva": "Alam semesta tidak bersekongkol melawan Anda, namun juga tidak menyimpang untuk menyelaraskan jalan Anda.."
  },
  {
    "index": 1,
    "autor": "Roy T. Bennett",
    "mtiva": "Ketika Anda melakukan hal yang benar, Anda mendapatkan perasaan damai dan tenteram. melakukannya lagi dan lagi"
  },
  {
    "index": 2,
    "autor": "Eleanor Roosevelt",
    "mtiva": "Anda harus melakukan hal-hal yang menurut Anda tidak dapat Anda lakukan.."
  },
  {
    "index": 3,
    "autor": "Walt Disney",
    "mtiva": "Jika kamu bisa memimpikannya kamu bisa melakukannya, ingatlah ini semua bermula dari seekor tikus."
  },
  {
    "index": 4,
    "autor": "Dalai Lama",
    "mtiva": "Jika kita menguasai pikiran kita, maka kebahagiaan akan datang."
  },
  {
    "index": 5,
    "autor": "Proverbio japonés",
    "mtiva": "Jatuh tujuh kali dan bangun delapan kali."
  },
  {
    "index": 6,
    "autor": "Pablo Picasso",
    "mtiva": "Segala sesuatu yang dapat Anda bayangkan adalah nyata."
  },
  {
    "index": 7,
    "autor": "Aristóteles",
    "mtiva": "Harapan adalah impian orang yang terjaga"
  },
  {
    "index": 8,
    "autor": "Antoine de Saint-Exupéry",
    "mtiva": "Sebuah tujuan tanpa rencana hanyalah sebuah harapan"
  },
  {
    "index": 9,
    "autor": "Jim Rohn",
    "mtiva": "Jika Anda tidak menyukai sesuatu, ubahlah! Kamu bukan pohon."
  },
  {
    "index": 10,
    "autor": "Nikos Kazantzakis",
    "mtiva": "Untuk menjadi sukses, pertama-tama kita harus yakin bahwa kita bisa melakukannya."
  },
  {
    "index": 11,
    "autor": "Malcolm Forbes",
    "mtiva": "Kegagalan adalah kesuksesan jika kita belajar darinya."
  },
  {
    "index": 12,
    "autor": "John Muir",
    "mtiva": "Kekuatan imajinasi membuat kita tak terbatas"
  },
  {
    "index": 13,
    "autor": "Julia Child",
    "mtiva": "Temukan sesuatu yang Anda sukai dan tetaplah tertarik padanya."
  }
] 
