[

{
    "index": 0,
    "autor": "Razan",
    "fgwork": "Anda bekerja sebagai pemotong kue dan Anda mendapat penghasilan"
  },
  {
    "index": 1,
    "autor": "Razan",
    "fgwork": "Bekerja untuk perusahaan militer swasta, menghasilkan uang"
  }, 
  {
    "index": 2,
    "autor": "Razan",
    "fgwork": "Selenggarakan acara mencicipi anggur dan dapatkan"
  }, 
  {
  "index": 3,
    "autor": "Razan",
    "fgwork": "Mereka menculik Anda dan membawa Anda ke koloseum bawah tanah tempat Anda melawan monster dengan orang-orang yang belum pernah Anda temui sebelumnya. Menginginkan"
  }, 
  {
  "index": 4,
    "autor": "Razan",
    "fgwork": "Anda membersihkan cerobong asap dan menemukannya"
  }, 
  {
  "index": 5,
    "autor": "Razan",
    "fgwork": "Anda mengembangkan permainan untuk mencari nafkah dan Anda menang"
  }, 
  {
  "index": 6,
    "autor": "Razan",
    "fgwork": "Mengapa perintah ini disebut bekerja? Anda bahkan tidak melakukan apa pun yang berhubungan dengan pekerjaan. Namun, Anda menang"
  }, 
  {
  "index": 7,
    "autor": "Razan",
    "fgwork": "Anda bekerja lembur di kantor untuk"
  }, 
  {
  "index": 8,
    "autor": "Razan",
    "fgwork": "Anda bekerja sebagai penculik pengantin dan Anda mendapat penghasilan"
  }, 
  {
  "index": 9,
    "autor": "Razan",
    "fgwork": "Seseorang datang dan memainkan sandiwara. Mereka memberimu untuk mencari"
  }, 
 {
 "index": 10,
    "autor": "Razan",
    "fgwork": "Anda membeli dan menjual barang dan memperolehnya"
  }, 
  {
  "index": 11,
    "autor": "Razan",
    "fgwork": "Anda bekerja di restoran nenek Anda sebagai juru masak dan Anda mendapat penghasilan"
  }, 
  {
  "index": 12,
    "autor": "Razan",
    "fgwork": "Anda bekerja 10 menit di Pizza Hut setempat. kamu menang"
  }, 
  {
  "index": 13,
    "autor": "Razan",
    "fgwork": "Anda bekerja sebagai penulis kue keberuntungan dan mendapatkan penghasilan"
  }, 
  {
  "index": 14,
    "autor": "Razan",
    "fgwork": "Anda memperkosa seorang anak kecil dan menjualnya lagi di dark web dan anda mendapatkan uang"
  }, 
  {
  "index": 15,
    "autor": "Razan",
    "fgwork": "Anda melihat seseorang kesulitan memasukkan kotak ke dalam mobilnya, Anda bergegas membantunya sebelum mereka terluka. Setelah membantu mereka, mereka dengan baik hati memberi Anda"
  }, 
  {
  "index": 16, 
    "autor": "Razan",
    "fgwork": "Anda mengembangkan permainan untuk mencari nafkah dan Anda menang"
  }, 
  {
  "index": 17,
    "autor": "Razan",
    "fgwork": "Anda sekarang menjadi aktor utama dalam film pornografi dan anda mendapatkan uang"
  }, 
  {
  "index": 18, 
    "autor": "Razan",
    "fgwork": "Anda membantu memoderasi grup Atmin dengan"
  }, 
  {
  "index": 19, 
    "autor": "Razan",
    "fgwork": "Anda mendesain logo untuk *zann* oleh"
  }, 
  {
  "index": 20,
    "autor": "Razan",
    "fgwork": "Anda seorang pilot"
  }, 
  {
  "index": 21,
    "autor": "Razan",
    "fgwork": "Dia bekerja dengan kemampuan terbaiknya di sebuah perusahaan percetakan yang sedang merekrut dan mendapatkan apa yang pantas dia dapatkan!"
  }, 
  {
  "index": 22,
    "autor": "Razan",
    "fgwork": "Anda bekerja sebagai pemangkas semak untuk *Razan* dan Anda mendapat penghasilan"
  }, 
  {
  "index": 23,
    "autor": "Razan",
    "fgwork": "Permintaan akan game seluler meningkat, jadi Anda membuat game baru yang penuh dengan transaksi mikro. Dengan permainan baru Anda, Anda memenangkan total"
  }, 
  {
  "index": 24,
    "autor": "Razan",
    "fgwork": "Anda bekerja sebagai pengisi suara untuk SpongeBob SquarePants dan Anda berhasil menang"
  }, 
  {
  "index": 25,
    "autor": "Razan",
    "fgwork": "Anda bertani dan Anda menang"
  }, 
  {
  "index": 26,
    "autor": "Razan",
    "fgwork": "Anda bekerja sebagai pembuat istana pasir dan Anda mendapat penghasilan"
  }, 
  {
  "index": 27,
    "autor": "Razan",
    "fgwork": "Anda bekerja sebagai seniman jalanan dan mendapatkan penghasilan"
  }, 
  {
  "index": 28, 
    "autor": "Razan",
    "fgwork": "Anda melakukan pekerjaan sosial untuk tujuan baik! untuk tujuan baik Anda, Anda menerimanya"
  }, 
  {
  "index": 29, 
    "autor": "Razan",
    "fgwork": "Anda memperbaiki tank T-60 yang rusak di Afghanistan. Para kru membayarmu"
  }, 
  {
  "index": 30, 
    "autor": "Razan",
    "fgwork": "Anda bekerja sebagai dukun dan Anda mendapat penghasilan"
  }, 
  {
  "index": 31, 
    "autor": "Razan",
    "fgwork": "Anda bekerja di Disneyland sebagai panda berkostum dan Anda menang"
  }, 
  {
  "index": 32, 
    "autor": "Razan",
    "fgwork": "Anda memperbaiki mesin arcade dan menerimanya"
  }, 
  {
  "index": 33, 
    "autor": "Razan",
    "fgwork": "Anda melakukan beberapa pekerjaan sambilan di kota dan Anda menang."
  }, 
  {
  "index": 34, 
    "autor": "Razan",
    "fgwork": "Anda membersihkan beberapa jamur beracun dari ventilasi dan Anda menang"
  }, 
  {
  "index": 35, 
    "autor": "Razan",
    "fgwork": "Anda memecahkan misteri teka teki negara anda dan pemerintah menghadiahi Anda sejumlah uang"
  }, 
  {
  "index": 36, 
    "autor": "Razan",
    "fgwork": "Anda bekerja sebagai ahli zoologi dan mendapatkan penghasilan"
  }, 
  {
  "index": 37, 
    "autor": "Razan",
    "fgwork": "Anda bekerja dan Anda menang"
  }, 
  {
  "index": 38, 
    "autor": "Razan",
    "fgwork": "Anda menjual sandwich ikan dan mendapatkannya"
  }, 
  {
  "index": 39, 
    "autor": "Razan",
    "fgwork": "Anda memperbaiki mesin arcade dan menerimanya"
  }, 
  {
  "index": 40, 
    "autor": "Razan",
    "fgwork": "Hanya dengan berada di grup *Atmin* Anda menang!"
  }, 
  {
  "index": 41, 
    "autor": "Razan",
    "fgwork": "Anda melakukan pekerjaan sosial untuk tujuan baik!  Anda menerimanya!"
  }
  
] 
