[
    {
        "autor": "FG98",
        "boy": "https://telegra.ph/file/ba4d72ea733544f5fc023.jpg",
        "girl": "https://telegra.ph/file/aadca28d43d435b7a0b39.jpg"
    },
    {
        "autor": "FG98",
        "boy": "https://telegra.ph/file/3f40bb8b7b64ae91265ad.jpg",
        "girl": "https://telegra.ph/file/1cb5519551de5f7257e44.jpg"
    },
    {
    	"autor": "FG98",
        "boy": "https://telegra.ph/file/96f2a8acb4e7a7cedd103.jpg",
        "girl": "https://telegra.ph/file/027335706455ce6db6c57.jpg"
    },
    {
        "autor": "FG98",
        "boy": "https://telegra.ph/file/7248809232f273c95e3d9.jpg",
        "girl": "https://telegra.ph/file/a9588e8740901694b4dff.jpg"
    },
    {
        "autor": "FG98",
        "boy": "https://telegra.ph/file/fa22d68b52811e70ab23a.jpg",
        "girl": "https://telegra.ph/file/bba565543e329963b93f9.jpg"
    },
    {
        "autor": "FG98",
        "boy": "https://telegra.ph/file/945f1273c058d0340b0c9.jpg",
        "girl": "https://telegra.ph/file/dff38097ff386d4a7aa7b.jpg"
    },
    {
        "autor": "FG98",
        "boy": "https://telegra.ph/file/022b841bd298232f4b834.jpg",
        "girl": "https://telegra.ph/file/5d3e77b951edda2a70c4c.jpg"
    },
    {
        "autor": "FG98",
        "boy": "https://telegra.ph/file/7f5ceba1d60759eaafe38.jpg",
        "girl": "https://telegra.ph/file/d5334fb90b5390b804810.jpg"
    },
    {
        "autor": "FG98",
        "boy": "https://telegra.ph/file/e3bd655fe83977f9146d5.jpg",
        "girl": "https://telegra.ph/file/2c6f7b966c3b7578c4d6f.jpg"
    },
    {
        "autor": "FG98",
        "boy": "https://telegra.ph/file/7e7a60afd247acc6a6a38.jpg",
        "girl": "https://telegra.ph/file/e8de9861726dfebc968de.jpg"
    },
    {
        "autor": "FG98",
        "boy": "https://telegra.ph/file/296c3e2f21e253e3ce661.jpg",
        "girl": "https://telegra.ph/file/44141b4465aed5310e5e4.jpg"
    },
    {
    	"autor": "FG98",
        "boy": "https://telegra.ph/file/e8d2c356d6c6d20c9c860.jpg",
        "girl": "https://telegra.ph/file/b96aec21c31a2d52fa43b.jpg"
     },
     {
    	"autor": "FG98",
        "boy": "https://telegra.ph/file/b8b90142e9b045938e2fd.jpg",
        "girl": "https://telegra.ph/file/675dd63e56f76e68f85dc.jpg"
     },
     {
    	"autor": "FG98",
        "boy": "https://telegra.ph/file/d5f973a637ce27554a2ae.jpg",
        "girl": "https://telegra.ph/file/3c209d9160e112b2e8780.jpg"
     },
     {
    	"autor": "FG98",
        "boy": "https://telegra.ph/file/baf3e68be7cd1b206c20d.jpg",
        "girl": "https://telegra.ph/file/196777fe4ac5c426f90a2.jpg"
     },
     {
    	"autor": "FG98",
        "boy": "https://telegra.ph/file/2538a9d5d86fcc480cc42.jpg",
        "girl": "https://telegra.ph/file/e34d5d3c6d89c0b97df09.jpg"
     },
     {
    	"autor": "FG98",
        "boy": "https://telegra.ph/file/add9b563d8b86cb9a0e01.jpg",
        "girl": "https://telegra.ph/file/e010c4bb7dde6424d83bd.jpg"
      },
      {
    	"autor": "FG98",
        "boy": "https://telegra.ph/file/20d52361f4cc4ae609b47.jpg",
        "girl": "https://telegra.ph/file/abc7b9c8bab19c9f6c3e5.jpg"
      },
      {
    	"autor": "FG98",
        "boy": "https://telegra.ph/file/d81d8a5cd604ac413a20a.jpg",
        "girl": "https://telegra.ph/file/6787c8bb17ce207d835d9.jpg"
      },
      {
    	"autor": "FG98",
        "boy": "https://telegra.ph/file/59cb00804f8b390869092.jpg",
        "girl": "https://telegra.ph/file/85c310560d01841baf7e6.jpg"
      },
      {
    	"autor": "FG98",
        "boy": "https://telegra.ph/file/4432330ac1ff9d3de83b2.jpg",
        "girl": "https://telegra.ph/file/0112ccb9d98eac181cb38.jpg"
      },
      {
    	"autor": "FG98",
        "boy": "https://telegra.ph/file/60faab940a8a9b0645aa6.jpg",
        "girl": "https://telegra.ph/file/3723b8c2fc9e8ba96634a.jpg"
      },
      {
    	"autor": "FG98",
        "boy": "https://telegra.ph/file/eae89cc3547b5212961cc.jpg",
        "girl": "https://telegra.ph/file/fa3d7d38bb3be824f1779.jpg"
      },
      {
    	"autor": "FG98",
        "boy": "https://telegra.ph/file/33728392349adb62c342b.jpg",
        "girl": "https://telegra.ph/file/7cf1b5f9b1c57af26f44a.jpg"
      },
      {
    	"autor": "FG98",
        "boy": "https://telegra.ph/file/b2e69cf82653fac4ceeeb.jpg",
        "girl": "https://telegra.ph/file/1123fe6c0f1d8080b22ce.jpg"
      },
      {
    	"autor": "FG98",
        "boy": "https://telegra.ph/file/845e80d0af817840a8ed0.jpg",
        "girl": "https://telegra.ph/file/117b848dbd37f9d60642c.jpg"
      },
      {
    	"autor": "FG98",
        "boy": "https://telegra.ph/file/111f68ff6aecde6ad4dd2.jpg",
        "girl": "https://telegra.ph/file/760b257e4f25d70a124cc.jpg"
      },
      {
    	"autor": "FG98",
        "boy": "https://telegra.ph/file/b17bfd65559c381246dbb.jpg",
        "girl": "https://telegra.ph/file/c4f8a8ae88e4b1c183aec.jpg"
      },
      {
    	"autor": "FG98",
        "boy": "https://telegra.ph/file/e36b61278c0f84c9050ea.jpg",
        "girl": "https://telegra.ph/file/da252881f6dcacf39d919.jpg"
      },
      {
    	"autor": "FG98",
        "boy": "https://telegra.ph/file/cc21048c0fe572acd6c68.jpg",
        "girl": "https://telegra.ph/file/70482849c195759af6408.jpg"
      },
     {
    	"autor": "FG98",
        "boy": "https://telegra.ph/file/c46bc8e406061f958b7de.jpg",
        "girl": "https://telegra.ph/file/da44554746a1f4546583e.jpg"
      },
     {
    	"autor": "FG98",
        "boy": "https://telegra.ph/file/cde70ac70a1e518b70e36.jpg",
        "girl": "https://telegra.ph/file/b8c5c398d5c1cd2fe377c.jpg"
      },
     {
    	"autor": "FG98",
        "boy": "https://telegra.ph/file/e8830b9bf9baa7df831ac.jpg",
        "girl": "https://telegra.ph/file/6f427010ac21705e62b9e.jpg"
      },
     {
    	"autor": "FG98",
        "boy": "https://telegra.ph/file/381f804edc991afe8d2d3.jpg",
        "girl": "https://telegra.ph/file/2ba06789d5b2bff96df14.jpg"
      },
     {
    	"autor": "FG98",
        "boy": "https://telegra.ph/file/e775c924c46a671e65b7b.jpg",
        "girl": "https://telegra.ph/file/ea67ffd0a5cb7657da974.jpg"
      },
     {
    	"autor": "FG98",
        "boy": "https://telegra.ph/file/1063d21bc0079f0032f54.jpg",
        "girl": "https://telegra.ph/file/a260ee2a73ba6ecad7f1a.jpg"
      },
     {
    	"autor": "FG98",
        "boy": "https://telegra.ph/file/40fdf138e558ba1075378.jpg",
        "girl": "https://telegra.ph/file/69920b3423aa8a0e63faf.jpg"
      },
     {
    	"autor": "FG98",
        "boy": "https://telegra.ph/file/1ead49a57800109e875b4.jpg",
        "girl": "https://telegra.ph/file/0a59faa16e7c65a658e23.jpg"
      },
     {
    	"autor": "FG98",
        "boy": "https://telegra.ph/file/7917fa875457b55fabc24.jpg",
        "girl": "https://telegra.ph/file/445e42ab978ad74530b61.jpg"
      },
     {
    	"autor": "FG98",
        "boy": "https://telegra.ph/file/f1b3f7dec4c5ee1cc8829.jpg",
        "girl": "https://telegra.ph/file/4433b7b8c2720ca40853c.jpg"
      },
     {
    	"autor": "FG98",
        "boy": "https://telegra.ph/file/bb8936522e6d30181a9fe.jpg",
        "girl": "https://telegra.ph/file/b45ccf0c809173796a69e.jpg"
      },
     {
    	"autor": "FG98",
        "boy": "https://telegra.ph/file/f28e2870e06c305f8007a.jpg",
        "girl": "https://telegra.ph/file/6d10d8f9edd867e1a253d.jpg"
      },
     {
    	"autor": "FG98",
        "boy": "https://telegra.ph/file/051abd1f27546633100fe.jpg",
        "girl": "https://telegra.ph/file/12ccecfa40ec216e699a2.jpg"
      },
     {
    	"autor": "FG98",
        "boy": "https://telegra.ph/file/c08041f91d0f190be1892.jpg",
        "girl": "https://telegra.ph/file/ede66318220c39e8893e1.jpg"
      },
     {
    	"autor": "FG98",
        "boy": "https://telegra.ph/file/0123d2aa4561632c89db8.jpg",
        "girl": "https://telegra.ph/file/567f1e05fcd9dd38b56e8.jpg"
      },
     {
    	"autor": "FG98",
        "boy": "https://telegra.ph/file/514ce6f8515d2fad09398.jpg",
        "girl": "https://telegra.ph/file/ca0a6f4d7efab8b44cbff.jpg"
      },
     {
    	"autor": "FG98",
        "boy": "https://telegra.ph/file/674e5874930cecb9e23d7.jpg",
        "girl": "https://telegra.ph/file/ad17dac5e5163f4dce5b0.jpg"
      },
     {
    	"autor": "FG98",
        "boy": "https://telegra.ph/file/91ec11d90e027284d39d1.jpg",
        "girl": "https://telegra.ph/file/2658bcb3a4909fd2df62b.jpg"
      },
     {
    	"autor": "FG98",
        "boy": "https://telegra.ph/file/91795483d752ed1223578.jpg",
        "girl": "https://telegra.ph/file/85964e619a7e13469332e.jpg"
      },
     {
    	"autor": "FG98",
        "boy": "https://telegra.ph/file/43c8e0a0417243575921e.jpg",
        "girl": "https://telegra.ph/file/17d888a9f79ab8c7e773a.jpg"
      },
     {
    	"autor": "FG98",
        "boy": "https://telegra.ph/file/2dec802e6e5f39cfee297.jpg",
        "girl": "https://telegra.ph/file/15e326ac0e810239b6c5e.jpg"
      },
     {
    	"autor": "FG98",
        "boy": "https://telegra.ph/file/c990af11010c57b10c04d.jpg",
        "girl": "https://telegra.ph/file/27bf584ae5acbe9ce615d.jpg"
      },
     {
    	"autor": "FG98",
        "boy": "https://telegra.ph/file/f0d3d224834238a49003f.jpg",
        "girl": "https://telegra.ph/file/dde062a11239ac0aa571f.jpg"
      },
     {
    	"autor": "FG98",
        "boy": "https://telegra.ph/file/cf7b26f5430646c74fc28.jpg",
        "girl": "https://telegra.ph/file/602efb4d2fb943894c0e5.jpg"
      },
     {
    	"autor": "FG98",
        "boy": "https://telegra.ph/file/b2924fe3f44b94d995ff7.jpg",
        "girl": "https://telegra.ph/file/cc60d2d762701f3f61b45.jpg"
      },
     {
    	"autor": "FG98",
        "boy": "https://telegra.ph/file/03fbf15f1bc39abc84e01.jpg",
        "girl": "https://telegra.ph/file/bb26db4d79ea9061142a7.jpg"
      },
     {
    	"autor": "FG98",
        "boy": "https://telegra.ph/file/ec65bcb7af02eb8ff3bdd.jpg",
        "girl": "https://telegra.ph/file/82337c7d1cb58fd4f71fe.jpg"
      },
     {
    	"autor": "FG98",
        "boy": "https://telegra.ph/file/15df55c4de32a5d1e6eb1.jpg",
        "girl": "https://telegra.ph/file/3fa9693a4f50c0fb529c0.jpg"
      },
     {
    	"autor": "FG98",
        "boy": "https://telegra.ph/file/e959ca134be65f10f0530.jpg",
        "girl": "https://telegra.ph/file/1d5dfa5710970038b00be.jpg"
      },
     {
    	"autor": "FG98",
        "boy": "https://telegra.ph/file/866b9a4d7762dd7bc66ed.jpg",
        "girl": "https://telegra.ph/file/5afbe39b92b6934aee0ca.jpg"
      },
     {
    	"autor": "FG98",
        "boy": "https://telegra.ph/file/6b79b1fd84306e05aea63.jpg",
        "girl": "https://telegra.ph/file/4491c801ca088e41ca6eb.jpg"
      },
     {
    	"autor": "FG98",
        "boy": "https://telegra.ph/file/1cec775c7b9c4dee040d7.jpg",
        "girl": "https://telegra.ph/file/ff70952e7a850d8077d13.jpg"
      },
     {
    	"autor": "FG98",
        "boy": "https://telegra.ph/file/f99f8eef6836d00bb995a.jpg",
        "girl": "https://telegra.ph/file/767976d9fae1318c395aa.jpg"
      },
     {
    	"autor": "FG98",
        "boy": "https://telegra.ph/file/80e67ded339159a80155c.jpg",
        "girl": "https://telegra.ph/file/1498311e2a640af606ec1.jpg"
      },
     {
    	"autor": "FG98",
        "boy": "https://telegra.ph/file/b0c0e15269e44e160763c.jpg",
        "girl": "https://telegra.ph/file/39e15219e56bade7a64d0.jpg"
      },
     {
    	"autor": "FG98",
        "boy": "https://telegra.ph/file/68aba5456132af0acf10d.jpg",
        "girl": "https://telegra.ph/file/448aa3f23c88ce88cfbc2.jpg"
      },
     {
    	"autor": "FG98",
        "boy": "https://telegra.ph/file/e9ac56a06df68b87718f4.jpg",
        "girl": "https://telegra.ph/file/b6d1a3398bbf148db4b7e.jpg"
      },
     {
    	"autor": "FG98",
        "boy": "https://telegra.ph/file/26528b7a1f946dda51273.jpg",
        "girl": "https://telegra.ph/file/b560c2121ec774d6c5f68.jpg"
      },
     {
    	"autor": "FG98",
        "boy": "https://telegra.ph/file/c08f8a0ceb9a9949e8830.jpg",
        "girl": "https://telegra.ph/file/c85f743332b2026ec796b.jpg"
      },
     {
    	"autor": "FG98",
        "boy": "https://telegra.ph/file/177703b3667936b3c83dd.jpg",
        "girl": "https://telegra.ph/file/24c6f4386ffdb4af0cfd9.jpg"
      },
     {
    	"autor": "FG98",
        "boy": "https://telegra.ph/file/7b8ecf13406a68bfdaf24.jpg",
        "girl": "https://telegra.ph/file/7aab70000cf0e11f9611b.jpg"
      },
     {
    	"autor": "FG98",
        "boy": "https://telegra.ph/file/77d13e94198c37654ef6d.jpg",
        "girl": "https://telegra.ph/file/f38449a23ec6dc378dd58.jpg"
      },
     {
    	"autor": "FG98",
        "boy": "https://telegra.ph/file/6af4ca5953f6c500acf55.jpg",
        "girl": "https://telegra.ph/file/c1400ecce5cd67db68f68.jpg"
      },
     {
    	"autor": "FG98",
        "boy": "https://telegra.ph/file/3854aa77759e19daa0660.jpg",
        "girl": "https://telegra.ph/file/092ab5b9f8c9352c8159c.jpg"
      },
     {
    	"autor": "FG98",
        "boy": "https://telegra.ph/file/868f7644cf5f9dc31075a.jpg",
        "girl": "https://telegra.ph/file/1fe02fad98d3888fac044.jpg"
      },
     {
    	"autor": "FG98",
        "boy": "https://telegra.ph/file/3cc242bd90908f1d4b71c.jpg",
        "girl": "https://telegra.ph/file/1a58282099d29640ead7e.jpg"
      },
     {
    	"autor": "FG98",
        "boy": "https://telegra.ph/file/dc6e829cff0b29dd2f2d6.jpg",
        "girl": "https://telegra.ph/file/025ff61bc55c70c3b6d7b.jpg"
      },
     {
    	"autor": "FG98",
        "boy": "https://telegra.ph/file/7324278a32dfcf075fc9c.jpg",
        "girl": "https://telegra.ph/file/8e28f86ff322e0bf60673.jpg"
      },
     {
    	"autor": "FG98",
        "boy": "https://telegra.ph/file/f76c87e8ded74a146ec67.jpg",
        "girl": "https://telegra.ph/file/2d1f5a7d42f699fc09f52.jpg"
      },
     {
    	"autor": "FG98",
        "boy": "https://telegra.ph/file/d2a7c636ac1cf377d0d03.jpg",
        "girl": "https://telegra.ph/file/53bb9df2c040fe509b1b5.jpg"
      },
     {
    	"autor": "FG98",
        "boy": "https://telegra.ph/file/f1a30729a77af20fbe6b9.jpg",
        "girl": "https://telegra.ph/file/93a8676efc0c632ab0c94.jpg"
      }, 
      {
    	"autor": "FG98",
        "girl": "https://i.postimg.cc/WpQggY3v/1306aff4052f8a2f311803c8c5f1b9d6.jpg",
        "boy": "https://i.postimg.cc/1RgDg1yB/70f96114212d1150e5da51266ae6573c.jpg"
      }, 
      {
    	"autor": "FG98",
        "girl": "https://i.postimg.cc/2S59cdMT/24a43dde639dd45868d7796ecc2050a8.jpg",
        "boy": "https://i.postimg.cc/NjPJW9wt/5cb6eea78538637a546f0c182c934f42.jpg"
      }, 
      {
    	"autor": "FG98",
        "girl": "https://i.postimg.cc/Y9pvYxdf/668a8b2ecf6072bd8c78572764e59a9e.jpg",
        "boy": "https://i.postimg.cc/0NG6z40y/b2d69e73dace1403c949e927ee527f83.jpg"
      }, 
      {
    	"autor": "FG98",
        "girl": "https://i.postimg.cc/tCTnTDch/98d5b50971d01cf4d6a2127dd2aa90ae.jpg",
        "boy": "https://i.postimg.cc/WpSJTx5N/ccbd684fd7a60c7d38fdd0970c90e480.jpg"
      }, 
      {
    	"autor": "FG98",
        "girl": "https://i.postimg.cc/PqJQGYG4/5e0fdff5d72c704e6e281ed22ac97f74.jpg",
        "boy": "https://i.postimg.cc/Px8bJH5v/8431bddbd49b3c8510a1fc9df46fa30c.jpg"
      }, 
      {
    	"autor": "FG98",
        "girl": "https://i.postimg.cc/9FJjJHc7/ff4e99ef23d980b948554deccc1f2998.jpg",
        "boy": "https://i.postimg.cc/qvqHFD7Z/771d1bc8170a2ffb98ab24c7c1e7be95.jpg"
      }, 
      {
    	"autor": "FG98",
        "girl": "https://i.postimg.cc/Zn2HCb11/6467d4f70cedf830c58940056066794b.jpg",
        "boy": "https://i.postimg.cc/Sx0V4KL9/de71366755699364e8f0e7c0844e0cda.jpg"
      }, 
      {
    	"autor": "FG98",
        "girl": "https://i.postimg.cc/ZqFzzg18/833b12e043dddf47f1d762447b5786d8.jpg",
        "boy": "https://i.postimg.cc/3R8581TP/0fb01a23a95a0cb55fcb54833e8eedb1.jpg"
      }, 
      {
    	"autor": "FG98",
        "girl": "https://i.postimg.cc/1tnT5jd7/8438bc41b01b6e4d8828e677bacd2fec.jpg",
        "boy": "https://i.postimg.cc/KYswb20g/ab648642011a9bf14f28965aaa6106b2.jpg"
      }, 
      {
    	"autor": "FG98",
        "girl": "https://i.postimg.cc/m2wdR4D2/cf8c08ac615dee293a036c7cfb5db37c.jpg",
        "boy": "https://i.postimg.cc/15PWLXyj/dc36adda11ae0558ea6933f6441191e4.jpg"
      }, 
      {
    	"autor": "FG98",
        "girl": "https://i.postimg.cc/XvFdjK8c/b553572466308b5ecb3381131934c1f2.jpg",
        "boy": "https://i.postimg.cc/V68MdSZy/eb9faf820a2ffe8ff0a50670c2c92b94.jpg"
      }, 
      {
    	"autor": "FG98",
        "girl": "https://i.postimg.cc/RVpvFjp4/3b03ff4d43f70e10526785882d3f4b0f.jpg",
        "boy": "https://i.postimg.cc/g2wm6N1R/fafcfdc7e854039c8991720adc8d9673.jpg"
      }, 
      {
    	"autor": "FG98",
        "girl": "https://i.postimg.cc/4yLnXnhT/ec4551cfbe4f5b5aaed9bf4f41aa0359.jpg",
        "boy": "https://i.postimg.cc/SQDn611t/1ea066aa38092c194b7770ee5110e23b.jpg"
      }, 
      {
    	"autor": "FG98",
        "girl": "https://i.postimg.cc/MK6r4HDp/d8183d1587903234bc14dbe2e1a90091.jpg",
        "boy": "https://i.postimg.cc/c1MbXwfz/0f32dd47921208d63db5430fe9420a3e.jpg"
      }, 
      {
    	"autor": "FG98",
        "girl": "https://i.postimg.cc/YqJ87xK8/3d50bf8a98f57a1e6c36c057071c527d.jpg",
        "boy": "https://i.postimg.cc/zGK7GRqN/f5c75cce95771ab4cf9835b4607dc158.jpg"
      }, 
      {
    	"autor": "FG98",
        "girl": "https://i.postimg.cc/nzGcF2Pm/e1dc5ac79352e8dd1780a21b59df4e52.jpg",
        "boy": "https://i.postimg.cc/76kZrdmD/d28093246be7bd8b0db1b72388b84b07.jpg"
      }, 
      {
    	"autor": "FG98",
        "girl": "https://i.postimg.cc/hPLjpSrs/54531cc86c3dbb85d2f360cfbd64d4ac.jpg",
        "boy": "https://i.postimg.cc/K8mYWdp2/b93b77ecb3342caa8d64547b16c2651b.jpg"
      }, 
      {
    	"autor": "FG98",
        "girl": "https://i.postimg.cc/QCnRqKzC/0408cb07e6b0fb1ecc92bdc3361380e2.jpg",
        "boy": "https://i.postimg.cc/L4CKSGsS/59c8099fd4a5dcbfcac5ea5c4cfbf6aa.jpg" 
      }, 
      {
    	"autor": "FG98",
        "girl": "https://i.postimg.cc/rsnKCgc4/eb038f4c6b0c8a37db0399a6b31192fd.jpg",
        "boy": "https://i.postimg.cc/vTH4VCRM/ffce330bf923b9956c93df9ce0abb70e.jpg" 
      }, 
      {
    	"autor": "FG98",
        "girl": "https://i.postimg.cc/xdLVSPxS/309352e3e7ba1a484cc01b36257e48c1.jpg",
        "boy": "https://i.postimg.cc/wjCYPrkV/b70f2406baa8ff7145b4008a9508cc5f.jpg" 
      }, 
      {
    	"autor": "FG98",
        "girl": "https://i.postimg.cc/dtFb8dVW/5d6c0ae83344d912c83584bbaaf378b2.jpg",
        "boy": "https://i.postimg.cc/Rh5jpJQZ/d568b5215047ea4cf53d669ab7e298af.jpg" 
      }, 
      {
    	"autor": "FG98",
        "girl": "https://i.postimg.cc/hP6cVvNh/6059f55952ac8b408cc3f865bb2be092.jpg",
        "boy": "https://i.postimg.cc/KjVS7pqC/f16f8c3288c2775235ca86a78e961886.jpg" 
      }, 
      {
    	"autor": "FG98",
        "girl": "https://i.postimg.cc/WpD2z0fx/6ba099168938d837f61cfdbd494d93cc.jpg",
        "boy": "https://i.postimg.cc/kDrYX0hM/9c00da72fdefe785f8da9a02369e9024.jpg" 
      }, 
      {
    	"autor": "FG98",
        "girl": "https://i.postimg.cc/bvv7Mj74/232109df60e46d9640aeeef2a574e3e4.jpg",
        "boy": "https://i.postimg.cc/cJ5pGbZC/468d89b3dd1ccf07fedc6008eb9de416.jpg" 
      }, 
      {
    	"autor": "FG98",
        "girl": "https://i.postimg.cc/vHdpy9Rr/8bc4e0ee1a2323283424d115b0156800.jpg",
        "boy": "https://i.postimg.cc/44crjP04/890be11467f98eb85c6f6a05718b384e.jpg" 
      }, 
      {
    	"autor": "FG98",
        "girl": "https://i.postimg.cc/tCymwjPD/1edc2e4a0223cbc5b306c89431e47fc5.jpg",
        "boy": "https://i.postimg.cc/pVK6sT9p/9a781245f80f82134dc526ddc3b6bbb5.jpg" 
      }, 
      {
    	"autor": "FG98",
        "girl": "https://i.postimg.cc/Y078564j/9fba1d6d39fd2886d7d13e6d266da615.jpg",
        "boy": "https://i.postimg.cc/0QDcXWyL/1d1ab35f9ff501a68c60a6f0e820071c.jpg" 
      }, 
      {
    	"autor": "FG98",
        "girl": "https://i.postimg.cc/j2v6BG0k/03434276d33b32ee8659d596d33edfd4.jpg",
        "boy": "https://i.postimg.cc/SQGGXz27/d425aa9a33149c0e1a9965daa6a963ff.jpg" 
      }
]
